id;code;name;paramtype;value_array;reference_to;created_at;created_by;updated_at;updated_by
1;ew unless duh;since;sparse;true;qua zowie commercial;2025-02-21;sleepily hm;2025-02-20;liquid unsubscribe
2;what ah;ah brr;deep;true;from never;2025-02-21;doubtfully;2025-02-20;serious
3;ha amidst;departure limo although;dehydrate;false;which ah;2025-02-21;aboard marry ew;2025-02-21;excluding online
4;life;of than pro;trim woot sin;true;ew forsaken fooey;2025-02-21;if apud;2025-02-21;past
5;unlike;upward whenever rapidly;um of;true;remonstrate hmph yum;2025-02-21;boohoo ultimately pish;2025-02-21;until
6;tuba caffeine rider;decrypt usually;health-care which rightfully;true;phew seldom acrobatic;2025-02-21;reciprocate;2025-02-21;morale
7;waddle geez failing;magic;given;false;march;2025-02-21;yellowjacket;2025-02-21;crossly er day
8;a after questioningly;paste nicely international;oh;false;cheerfully ouch slice;2025-02-20;unfinished jinx strategy;2025-02-21;rayon
9;shell aw;ash;hopelessly punctually;false;pace phew now;2025-02-20;tug eek out;2025-02-21;among overjoyed supposing
10;excitedly sweaty;seldom clueless fragrant;athwart incidentally;true;nut flag questioningly;2025-02-20;quarrelsomely;2025-02-21;foil twine for
