id;contract;request_date;effective_date_start;effective_date_end;created_at;created_by;updated_at;updated_by
1;27171;2025-02-20;2025-02-21;2025-02-21;2025-02-21;classic whereas brr;2025-02-20;trustee for
2;5112;2025-02-21;2025-02-21;2025-02-20;2025-02-21;geez when impish;2025-02-21;who fully
3;8931;2025-02-21;2025-02-21;2025-02-21;2025-02-21;save loosely;2025-02-20;collate exactly
4;24535;2025-02-21;2025-02-21;2025-02-20;2025-02-21;calculate high-level lab;2025-02-21;versus ack quicker
5;29178;2025-02-21;2025-02-21;2025-02-21;2025-02-21;reluctantly for;2025-02-21;pick although batch
6;32458;2025-02-21;2025-02-21;2025-02-21;2025-02-21;where loudly;2025-02-21;why deeply
7;1060;2025-02-21;2025-02-21;2025-02-21;2025-02-21;lightly but;2025-02-21;duh
8;17440;2025-02-20;2025-02-21;2025-02-21;2025-02-21;drat whiten officially;2025-02-21;unlike viciously
9;30334;2025-02-21;2025-02-20;2025-02-21;2025-02-21;curiously pullulate;2025-02-21;at
10;20782;2025-02-20;2025-02-21;2025-02-21;2025-02-21;except ringed deliberately;2025-02-20;coaster
