id;param_code;param_value;created_at;created_by;updated_at;updated_by
1;fresco credential;deserve amazing carelessly;2025-02-21;pro reminisce;2025-02-21;inasmuch among
2;consequently gee gah;yuck furthermore;2025-02-20;dramaturge surprisingly;2025-02-21;faze
3;deserted clueless;used;2025-02-21;clump;2025-02-21;defrock ah separate
4;vacantly boldly;manatee;2025-02-21;about tall;2025-02-21;uh-huh lion sail
5;powerful;yowza yearly;2025-02-20;failing statistics before;2025-02-20;righteously lazily tolerance
6;powerfully lest;utter;2025-02-21;manifestation shower;2025-02-21;while amongst carefree
7;wetly tenderly;icy indeed;2025-02-21;lyrics;2025-02-21;past wharf milky
8;zowie since now;with um;2025-02-21;powerfully;2025-02-20;now skirt
9;remark modulo;um;2025-02-21;willfully tepid;2025-02-21;dab
10;boggle;phooey;2025-02-21;microwave over;2025-02-21;fatherly
